category_id,language,n,accuracy,accuracy_ambiguous,accuracy_disambiguated,unknown_rate,unknown_rate_ambiguous,s_DIS,s_AMB,rate_A,rate_B,rate_C,position_consistency,flip_rate,biased_responses,non_unknown_responses
education,en,1800,0.9722222222222222,0.9522222222222222,0.9922222222222222,0.48,0.9522222222222222,-0.0033594624860022737,0.04777777777777781,0.3422222222222222,0.32611111111111113,0.33166666666666667,0.9633333333333334,0.036666666666666625,488,936
education,pt,1800,0.9683333333333334,0.9855555555555555,0.9511111111111111,0.5172222222222222,0.9855555555555555,-0.016355140186915862,0.014444444444444482,0.33111111111111113,0.32611111111111113,0.3427777777777778,0.9416666666666667,0.05833333333333335,434,869
gender,en,1800,0.9716666666666667,1.0,0.9433333333333334,0.5283333333333333,1.0,-0.04593639575971731,,0.33611111111111114,0.3233333333333333,0.34055555555555556,0.96,0.040000000000000036,405,849
gender,pt,1800,0.925,1.0,0.85,0.575,1.0,-0.08496732026143794,,0.3338888888888889,0.31666666666666665,0.34944444444444445,0.8966666666666666,0.10333333333333339,350,765
interior_capital,en,2160,0.9726851851851852,0.9453703703703704,1.0,0.4726851851851852,0.9453703703703704,0.011111111111111072,0.03425925925925924,0.3449074074074074,0.32037037037037036,0.3347222222222222,0.9458333333333333,0.054166666666666696,594,1139
interior_capital,pt,2160,0.9916666666666667,0.9851851851851852,0.9981481481481481,0.4935185185185185,0.9851851851851852,0.00927643784786647,0.005555555555555564,0.33425925925925926,0.3333333333333333,0.33240740740740743,0.9805555555555555,0.019444444444444486,555,1094
music_preference,en,2160,0.9958333333333333,0.9916666666666667,1.0,0.49583333333333335,0.9916666666666667,0.011111111111111072,0.004629629629629614,0.33425925925925926,0.33101851851851855,0.3347222222222222,0.9888888888888889,0.011111111111111072,553,1089
music_preference,pt,2160,0.9944444444444445,0.9990740740740741,0.9898148148148148,0.5046296296296297,0.9990740740740741,0.014031805425631427,0.0009259259259258856,0.337037037037037,0.3300925925925926,0.33287037037037037,0.9847222222222223,0.015277777777777724,543,1070
political_orientation,en,1800,0.9488888888888889,0.9011111111111111,0.9966666666666667,0.45222222222222225,0.9011111111111111,-0.0011148272017836858,-0.0011111111111111141,0.3411111111111111,0.32555555555555554,0.3333333333333333,0.9316666666666666,0.06833333333333336,492,986
political_orientation,pt,1800,0.9866666666666667,0.9777777777777777,0.9955555555555555,0.4911111111111111,0.9777777777777777,0.0,0.0,0.33444444444444443,0.33111111111111113,0.33444444444444443,0.975,0.025000000000000022,458,916
race_color,en,2160,0.9763888888888889,0.9990740740740741,0.9537037037037037,0.5226851851851851,0.9990740740740741,-0.01941747572815533,0.0009259259259258856,0.3365740740740741,0.32407407407407407,0.33935185185185185,0.9541666666666667,0.04583333333333328,506,1031
race_color,pt,2160,0.9680555555555556,1.0,0.9361111111111111,0.5319444444444444,1.0,-0.01879327398615227,,0.3337962962962963,0.3236111111111111,0.3425925925925926,0.9472222222222222,0.05277777777777781,496,1011
regionality,en,2160,1.0,1.0,1.0,0.5,1.0,0.011111111111111072,,0.3333333333333333,0.3333333333333333,0.3333333333333333,1.0,0.0,546,1080
regionality,pt,2160,0.9962962962962963,1.0,0.9925925925925926,0.5037037037037037,1.0,0.009328358208955168,,0.3337962962962963,0.33194444444444443,0.33425925925925926,0.9916666666666667,0.008333333333333304,541,1072
religion,en,2160,0.9847222222222223,0.9953703703703703,0.9740740740740741,0.5106481481481482,0.9953703703703703,0.011406844106463865,0.0009259259259259299,0.33935185185185185,0.325,0.33564814814814814,0.9597222222222223,0.040277777777777746,535,1057
religion,pt,2160,0.9782407407407407,1.0,0.9564814814814815,0.5217592592592593,1.0,0.014520813165537216,,0.3351851851851852,0.3263888888888889,0.3384259259259259,0.9625,0.03749999999999998,524,1033
socioeconomic_class,en,2160,0.9546296296296296,0.9157407407407407,0.9935185185185185,0.46111111111111114,0.9157407407407407,0.00838769804287054,0.030555555555555558,0.3527777777777778,0.31851851851851853,0.3287037037037037,0.9236111111111112,0.07638888888888884,603,1164
socioeconomic_class,pt,2160,0.9800925925925926,0.9861111111111112,0.9740740740740741,0.5060185185185185,0.9861111111111112,-0.009505703422053258,-0.0009259259259259224,0.3300925925925926,0.33240740740740743,0.3375,0.9555555555555556,0.0444444444444444,528,1067
