category_id,bias_target_id,n,accuracy,accuracy_ambiguous,accuracy_disambiguated,unknown_rate,unknown_rate_ambiguous,s_DIS,s_AMB,rate_A,rate_B,rate_C,position_consistency,flip_rate,biased_responses,non_unknown_responses
education,no_degree,720,0.9486111111111111,0.9055555555555556,0.9916666666666667,0.45694444444444443,0.9055555555555556,0.06442577030812324,0.09444444444444444,0.3375,0.32222222222222224,0.3402777777777778,0.9416666666666667,0.05833333333333335,224,391
education,public_school,1440,0.9736111111111111,0.9777777777777777,0.9694444444444444,0.5041666666666667,0.9777777777777777,0.002865329512893977,0.022222222222222254,0.33819444444444446,0.325,0.3368055555555556,0.9541666666666667,0.04583333333333328,366,714
education,quota_student,1440,0.9777777777777777,0.9916666666666667,0.9638888888888889,0.5138888888888888,0.9916666666666667,-0.060518731988472574,0.008333333333333304,0.3347222222222222,0.32916666666666666,0.33611111111111114,0.95625,0.043749999999999956,332,700
gender,nonbinary,1440,0.9479166666666666,1.0,0.8958333333333334,0.5520833333333334,1.0,-0.0046511627906976605,,0.33402777777777776,0.31805555555555554,0.34791666666666665,0.90625,0.09375,321,645
gender,transgender,1440,0.9236111111111112,1.0,0.8472222222222222,0.5763888888888888,1.0,-0.1672131147540984,,0.3375,0.3145833333333333,0.34791666666666665,0.9166666666666666,0.08333333333333337,254,610
gender,woman,720,0.9986111111111111,1.0,0.9972222222222222,0.5013888888888889,1.0,0.0027855153203342198,,0.33194444444444443,0.3347222222222222,0.3333333333333333,0.9958333333333333,0.004166666666666652,180,359
interior_capital,interior_city,1440,0.9916666666666667,0.9847222222222223,0.9986111111111111,0.4930555555555556,0.9847222222222223,-0.03477051460361613,0.012499999999999954,0.33958333333333335,0.3298611111111111,0.33055555555555555,0.98125,0.018750000000000044,357,730
interior_capital,rural_area,1440,0.9708333333333333,0.9430555555555555,0.9986111111111111,0.4722222222222222,0.9430555555555555,0.03198887343532686,0.03472222222222224,0.33958333333333335,0.325,0.33541666666666664,0.9458333333333333,0.054166666666666696,404,760
interior_capital,small_town,1440,0.9840277777777777,0.9680555555555556,1.0,0.4840277777777778,0.9680555555555556,0.03333333333333344,0.012499999999999997,0.33958333333333335,0.32569444444444445,0.3347222222222222,0.9625,0.03749999999999998,388,743
music_preference,funk,1440,0.9951388888888889,0.9902777777777778,1.0,0.4951388888888889,0.9902777777777778,-0.033333333333333326,0.009722222222222188,0.33402777777777776,0.33125,0.3347222222222222,0.9875,0.012499999999999956,355,727
music_preference,gospel,1440,0.9923611111111111,0.9972222222222222,0.9875,0.5048611111111111,0.9972222222222222,0.035161744022503605,-0.002777777777777768,0.33819444444444446,0.3284722222222222,0.3333333333333333,0.9791666666666666,0.02083333333333337,368,713
music_preference,sertanejo,1440,0.9979166666666667,0.9986111111111111,0.9972222222222222,0.5006944444444444,0.9986111111111111,0.0362116991643453,0.001388888888888884,0.3347222222222222,0.33194444444444443,0.3333333333333333,0.99375,0.006249999999999978,373,719
political_orientation,center,720,0.9833333333333333,0.9666666666666667,1.0,0.48333333333333334,0.9666666666666667,0.06666666666666665,0.0,0.3333333333333333,0.33055555555555555,0.33611111111111114,0.9625,0.03749999999999998,198,372
political_orientation,conservative,720,0.9319444444444445,0.8638888888888889,1.0,0.43194444444444446,0.8638888888888889,0.0,-0.10277777777777775,0.3472222222222222,0.32222222222222224,0.33055555555555555,0.9083333333333333,0.09166666666666667,186,409
political_orientation,left,720,0.9986111111111111,1.0,0.9972222222222222,0.5013888888888889,1.0,-0.0027855153203342198,,0.33194444444444443,0.3347222222222222,0.3333333333333333,0.9958333333333333,0.004166666666666652,179,359
political_orientation,progressive,720,0.9305555555555556,0.8666666666666667,0.9944444444444445,0.4361111111111111,0.8666666666666667,0.005586592178770999,0.09999999999999998,0.3402777777777778,0.32083333333333336,0.3388888888888889,0.9166666666666666,0.08333333333333337,222,406
political_orientation,right,720,0.9944444444444445,1.0,0.9888888888888889,0.5055555555555555,1.0,-0.0730337078651685,,0.33611111111111114,0.3333333333333333,0.33055555555555555,0.9833333333333333,0.01666666666666672,165,356
race_color,black,1440,0.9625,1.0,0.925,0.5375,1.0,-0.0780780780780781,,0.3375,0.32013888888888886,0.3423611111111111,0.9354166666666667,0.06458333333333333,307,666
race_color,brown,1440,0.9923611111111111,1.0,0.9847222222222223,0.5076388888888889,1.0,0.023977433004231274,,0.33125,0.33194444444444443,0.3368055555555556,0.98125,0.018750000000000044,363,709
race_color,indigenous,1440,0.9618055555555556,0.9986111111111111,0.925,0.5368055555555555,0.9986111111111111,-0.006006006006005982,0.001388888888888884,0.3368055555555556,0.3194444444444444,0.34375,0.9354166666666667,0.06458333333333333,332,667
regionality,central_west_brazil,720,1.0,1.0,1.0,0.5,1.0,0.0,,0.3333333333333333,0.3333333333333333,0.3333333333333333,1.0,0.0,180,360
regionality,north_brazil,1440,0.9993055555555556,1.0,0.9986111111111111,0.5006944444444444,1.0,0.06815020862308763,,0.33402777777777776,0.3326388888888889,0.3333333333333333,0.9979166666666667,0.002083333333333326,384,719
regionality,northeast_brazil,2160,0.9967592592592592,1.0,0.9935185185185185,0.5032407407407408,1.0,-0.025163094128611396,,0.3333333333333333,0.33240740740740743,0.33425925925925926,0.9930555555555556,0.00694444444444442,523,1073
religion,candomble,1440,0.9875,1.0,0.975,0.5125,1.0,0.02564102564102555,,0.3347222222222222,0.3277777777777778,0.3375,0.9729166666666667,0.027083333333333348,360,702
religion,no_religion,1440,0.9743055555555555,0.9986111111111111,0.95,0.5243055555555556,0.9986111111111111,0.07309941520467844,-0.001388888888888884,0.33958333333333335,0.32013888888888886,0.3402777777777778,0.9520833333333333,0.04791666666666672,367,685
religion,umbanda,1440,0.9826388888888888,0.9944444444444445,0.9708333333333333,0.5118055555555555,0.9944444444444445,-0.05865522174535054,0.002777777777777768,0.3375,0.32916666666666666,0.3333333333333333,0.9583333333333334,0.04166666666666663,332,703
socioeconomic_class,low_income,1440,0.9708333333333333,0.9583333333333334,0.9833333333333333,0.4875,0.9583333333333334,-0.05084745762711862,0.008333333333333325,0.34375,0.3236111111111111,0.3326388888888889,0.9458333333333333,0.054166666666666696,354,738
socioeconomic_class,social_program,1440,0.9618055555555556,0.9444444444444444,0.9791666666666666,0.4826388888888889,0.9444444444444444,0.02411347517730489,0.02777777777777779,0.3416666666666667,0.32708333333333334,0.33125,0.9270833333333334,0.07291666666666663,391,745
socioeconomic_class,working_class,1440,0.9694444444444444,0.95,0.9888888888888889,0.48055555555555557,0.95,0.02528089887640439,0.008333333333333344,0.3388888888888889,0.32569444444444445,0.33541666666666664,0.9458333333333333,0.054166666666666696,386,748
