scenario_id,n,accuracy,accuracy_ambiguous,accuracy_disambiguated,unknown_rate,unknown_rate_ambiguous,s_DIS,s_AMB,rate_A,rate_B,rate_C,position_consistency,flip_rate,biased_responses,non_unknown_responses
apresentacao_escolar,1224,0.9673202614379085,0.9771241830065359,0.9575163398692811,0.5098039215686274,0.9771241830065359,-0.08532423208191131,0.022875816993464082,0.3333333333333333,0.3243464052287582,0.3423202614379085,0.946078431372549,0.05392156862745101,282,600
atendimento_cliente,1224,0.9869281045751634,0.9803921568627451,0.9934640522875817,0.4934640522875817,0.9803921568627451,0.2894736842105263,0.006535947712418313,0.3382352941176471,0.32598039215686275,0.33578431372549017,0.9681372549019608,0.031862745098039214,400,620
atividade_treinamento,1224,0.9918300653594772,0.9983660130718954,0.9852941176470589,0.5065359477124183,0.9983660130718954,-0.31011608623548925,-0.0016339869281045694,0.33905228758169936,0.3276143790849673,0.3333333333333333,0.9803921568627451,0.019607843137254943,208,604
biblioteca,1224,0.9901960784313726,0.9901960784313726,0.9901960784313726,0.5,0.9901960784313726,0.05280528052805278,0.006535947712418278,0.3349673202614379,0.3292483660130719,0.33578431372549017,0.9754901960784313,0.02450980392156865,324,612
campanha_doacao,1224,0.9681372549019608,0.9395424836601307,0.9967320261437909,0.4714052287581699,0.9395424836601307,0.05901639344262288,0.047385620915032685,0.34068627450980393,0.3284313725490196,0.33088235294117646,0.9362745098039216,0.06372549019607843,356,647
concurso_local,1224,0.9746732026143791,0.9656862745098039,0.9836601307189542,0.4910130718954248,0.9656862745098039,0.28239202657807305,-0.004901960784313725,0.33578431372549017,0.32679738562091504,0.3374183006535948,0.9583333333333334,0.04166666666666663,395,623
entrega_pacotes,1224,0.9926470588235294,0.9983660130718954,0.9869281045751634,0.505718954248366,0.9983660130718954,-0.304635761589404,-0.0016339869281045694,0.3374183006535948,0.33088235294117646,0.33169934640522875,0.9803921568627451,0.019607843137254943,210,605
entrevista_emprego,1224,0.9763071895424836,0.988562091503268,0.9640522875816994,0.5122549019607843,0.988562091503268,0.2677966101694915,0.011437908496731986,0.33088235294117646,0.3300653594771242,0.33905228758169936,0.9607843137254902,0.039215686274509776,381,597
estoque_loja,1224,0.9436274509803921,0.9950980392156863,0.8921568627450981,0.5514705882352942,0.9950980392156863,0.04029304029304037,0.001633986928104569,0.33905228758169936,0.32107843137254904,0.33986928104575165,0.9215686274509803,0.07843137254901966,286,549
evento_comunitario,1224,0.9820261437908496,0.9852941176470589,0.9787581699346405,0.5032679738562091,0.9852941176470589,-0.06176961602671116,0.004901960784313707,0.3366013071895425,0.3235294117647059,0.33986928104575165,0.9607843137254902,0.039215686274509776,287,608
formulario_publico,1224,0.9795751633986928,0.9934640522875817,0.9656862745098039,0.5138888888888888,0.9934640522875817,0.045685279187817285,0.006535947712418277,0.33578431372549017,0.3243464052287582,0.33986928104575165,0.9534313725490197,0.04656862745098034,313,595
horta_comunitaria,1224,0.9566993464052288,0.9901960784313726,0.923202614379085,0.5334967320261438,0.9901960784313726,-0.352212389380531,-0.009803921568627416,0.3341503267973856,0.3227124183006536,0.3431372549019608,0.9313725490196079,0.06862745098039214,183,571
oficina_midia,1224,0.9689542483660131,0.9640522875816994,0.9738562091503268,0.4950980392156863,0.9640522875816994,-0.07718120805369133,0.03267973856209149,0.3349673202614379,0.32598039215686275,0.33905228758169936,0.9534313725490197,0.04656862745098034,296,618
oficina_tecnica,1224,0.9869281045751634,0.9918300653594772,0.9820261437908496,0.5049019607843137,0.9918300653594772,-0.07154742096505828,-0.001633986928104569,0.33578431372549017,0.3292483660130719,0.3349673202614379,0.9705882352941176,0.02941176470588236,281,606
orcamento_evento,1224,0.9746732026143791,0.9575163398692811,0.9918300653594772,0.48284313725490197,0.9575163398692811,0.2948929159802307,-0.02614379084967318,0.33578431372549017,0.3276143790849673,0.3366013071895425,0.9607843137254902,0.039215686274509776,398,633
plantao_voluntario,1224,0.9771241830065359,0.9558823529411765,0.9983660130718954,0.47875816993464054,0.9558823529411765,0.292962356792144,-0.004901960784313723,0.33986928104575165,0.3284313725490196,0.33169934640522875,0.9607843137254902,0.039215686274509776,407,638
prestacao_contas,1224,0.9918300653594772,0.9869281045751634,0.9967320261437909,0.4950980392156863,0.9869281045751634,0.2918032786885245,0.0,0.3341503267973856,0.33169934640522875,0.3341503267973856,0.9803921568627451,0.019607843137254943,398,618
programa_mentoria,1224,0.9950980392156863,0.9918300653594772,0.9983660130718954,0.49673202614379086,0.9918300653594772,-0.29623567921440264,0.008169934640522847,0.3333333333333333,0.33088235294117646,0.33578431372549017,0.9926470588235294,0.007352941176470562,220,616
projeto_empresa,1224,0.9828431372549019,0.9869281045751634,0.9787581699346405,0.5040849673202614,0.9869281045751634,-0.3188647746243739,-0.006535947712418277,0.33251633986928103,0.3292483660130719,0.3382352941176471,0.9754901960784313,0.02450980392156865,206,607
recepcao_hospitalar,1224,0.9787581699346405,0.9967320261437909,0.9607843137254902,0.5179738562091504,0.9967320261437909,0.2925170068027212,0.0,0.3341503267973856,0.32516339869281047,0.34068627450980393,0.9632352941176471,0.03676470588235292,381,590
relatorio_dados,1224,0.9820261437908496,0.9983660130718954,0.9656862745098039,0.5163398692810458,0.9983660130718954,-0.06260575296108295,0.0016339869281045694,0.33578431372549017,0.3227124183006536,0.3415032679738562,0.9583333333333334,0.04166666666666663,278,592
reserva_restaurante,1224,0.9828431372549019,0.9983660130718954,0.9673202614379085,0.5155228758169934,0.9983660130718954,-0.07770270270270274,0.0016339869281045694,0.33251633986928103,0.3292483660130719,0.3382352941176471,0.9656862745098039,0.03431372549019607,274,593
reuniao_predio,1224,0.9795751633986928,0.9820261437908496,0.9771241830065359,0.5024509803921569,0.9820261437908496,0.03678929765886285,0.001633986928104578,0.3349673202614379,0.33169934640522875,0.3333333333333333,0.9705882352941176,0.02941176470588236,316,609
revisao_documento,1224,0.9738562091503268,0.9754901960784313,0.9722222222222222,0.5016339869281046,0.9754901960784313,-0.06890756302521006,0.02450980392156865,0.3382352941176471,0.32598039215686275,0.33578431372549017,0.9632352941176471,0.03676470588235292,292,610
rodizio_funcao,1224,0.9468954248366013,0.9313725490196079,0.9624183006535948,0.48447712418300654,0.9313725490196079,0.05942275042444822,0.03594771241830064,0.35130718954248363,0.3161764705882353,0.33251633986928103,0.9166666666666666,0.08333333333333337,344,631
suporte_telefone,1224,0.9787581699346405,0.9607843137254902,0.9967320261437909,0.4820261437908497,0.9607843137254902,-0.059016393442622994,0.022875816993464033,0.33905228758169936,0.3333333333333333,0.3276143790849673,0.9681372549019608,0.031862745098039214,306,634
trabalho_em_grupo,1224,0.9591503267973857,0.9918300653594772,0.9264705882352942,0.5326797385620915,0.9918300653594772,-0.33333333333333337,0.008169934640522847,0.3488562091503268,0.3194444444444444,0.33169934640522875,0.928921568627451,0.07107843137254899,194,572
transporte_publico,1224,0.9820261437908496,0.9689542483660131,0.9950980392156863,0.4869281045751634,0.9689542483660131,0.2972085385878489,0.01797385620915033,0.3349673202614379,0.32598039215686275,0.33905228758169936,0.9607843137254902,0.039215686274509776,410,628
treinamento_seguranca,1224,0.9591503267973857,0.9852941176470589,0.9330065359477124,0.5261437908496732,0.9852941176470589,0.02626970227670755,0.00163398692810457,0.34068627450980393,0.3235294117647059,0.33578431372549017,0.9436274509803921,0.056372549019607865,298,580
treino_esportivo,1224,0.9901960784313726,0.9820261437908496,0.9983660130718954,0.4918300653594771,0.9820261437908496,-0.292962356792144,0.017973856209150374,0.3349673202614379,0.3300653594771242,0.3349673202614379,0.9901960784313726,0.009803921568627416,227,622
