category_id,accuracy_pt,unknown_rate_pt,s_DIS_pt,s_AMB_pt,rate_A_pt,rate_B_pt,rate_C_pt,accuracy_en,unknown_rate_en,s_DIS_en,s_AMB_en,rate_A_en,rate_B_en,rate_C_en,accuracy_diff_pt_minus_en,unknown_rate_diff_pt_minus_en,s_DIS_diff_pt_minus_en,s_AMB_diff_pt_minus_en,rate_A_diff_pt_minus_en,rate_B_diff_pt_minus_en,rate_C_diff_pt_minus_en,paired_evaluations,semantic_agreement,semantic_change_rate,letter_agreement
education,0.36203703703703705,0.03981481481481482,0.04990019960079839,0.037037037037037035,0.17685185185185184,0.5138888888888888,0.30925925925925923,0.4074074074074074,0.06388888888888888,0.024193548387096753,0.10925925925925933,0.2212962962962963,0.4,0.3787037037037037,-0.04537037037037034,-0.024074074074074067,0.025706651213701637,-0.0722222222222223,-0.04444444444444445,0.11388888888888882,-0.06944444444444448,1080,0.7537037037037037,0.2462962962962963,0.7537037037037037
gender,0.3527777777777778,0.03796296296296296,-0.017821782178217838,-0.044444444444444446,0.1361111111111111,0.47685185185185186,0.387037037037037,0.4064814814814815,0.06111111111111111,0.08316430020283971,-0.17962962962962958,0.2611111111111111,0.40370370370370373,0.3351851851851852,-0.0537037037037037,-0.023148148148148147,-0.10098608238105755,0.13518518518518513,-0.12500000000000003,0.07314814814814813,0.051851851851851816,1080,0.6861111111111111,0.3138888888888889,0.6861111111111111
interior_capital,0.36574074074074076,0.05185185185185185,0.07755102040816331,0.10740740740740745,0.1287037037037037,0.5555555555555556,0.31574074074074077,0.4361111111111111,0.05648148148148148,0.1457085828343314,0.16666666666666677,0.2537037037037037,0.4083333333333333,0.33796296296296297,-0.07037037037037036,-0.004629629629629629,-0.0681575624261681,-0.05925925925925932,-0.125,0.14722222222222225,-0.0222222222222222,1080,0.7277777777777777,0.2722222222222222,0.7277777777777777
music_preference,0.36203703703703705,0.08055555555555556,-0.004184100418409997,0.06111111111111113,0.1388888888888889,0.6027777777777777,0.25833333333333336,0.43148148148148147,0.08703703703703704,0.07024793388429762,0.1148148148148147,0.21666666666666667,0.487962962962963,0.2953703703703704,-0.06944444444444442,-0.006481481481481477,-0.07443203430270762,-0.05370370370370357,-0.07777777777777778,0.11481481481481476,-0.037037037037037035,1080,0.7685185185185185,0.23148148148148148,0.7685185185185185
political_orientation,0.3907407407407407,0.017592592592592594,-0.0725190839694656,-0.1425925925925926,0.19166666666666668,0.49074074074074076,0.3175925925925926,0.43148148148148147,0.05740740740740741,0.001988071570576455,-0.2203703703703704,0.337037037037037,0.3768518518518518,0.2861111111111111,-0.040740740740740744,-0.03981481481481482,-0.07450715554004206,0.0777777777777778,-0.14537037037037034,0.11388888888888893,0.0314814814814815,1080,0.7212962962962963,0.27870370370370373,0.7212962962962963
race_color,0.4009259259259259,0.010185185185185186,0.08506616257088839,-0.12962962962962965,0.15925925925925927,0.40555555555555556,0.4351851851851852,0.41759259259259257,0.030555555555555555,0.11673151750972766,-0.26851851851851855,0.3055555555555556,0.3592592592592593,0.3351851851851852,-0.016666666666666663,-0.02037037037037037,-0.03166535493883926,0.1388888888888889,-0.1462962962962963,0.04629629629629628,0.09999999999999998,1080,0.7083333333333334,0.2916666666666667,0.7083333333333334
regionality,0.3731481481481482,0.022222222222222223,-0.03488372093023251,-0.04814814814814816,0.14814814814814814,0.4648148148148148,0.387037037037037,0.43333333333333335,0.07314814814814814,-0.04048582995951422,-0.057407407407407386,0.20925925925925926,0.4148148148148148,0.37592592592592594,-0.060185185185185175,-0.050925925925925916,0.00560210902928171,0.009259259259259224,-0.061111111111111116,0.04999999999999999,0.011111111111111072,1080,0.7398148148148148,0.2601851851851852,0.7398148148148148
religion,0.38425925925925924,0.06018518518518518,0.07692307692307687,0.18703703703703708,0.18796296296296297,0.5370370370370371,0.275,0.43333333333333335,0.03981481481481482,0.08023483365949113,0.137037037037037,0.31574074074074077,0.3685185185185185,0.31574074074074077,-0.0490740740740741,0.020370370370370365,-0.003311756736414262,0.05000000000000007,-0.1277777777777778,0.16851851851851857,-0.040740740740740744,1080,0.7101851851851851,0.2898148148148148,0.7101851851851851
socioeconomic_class,0.37407407407407406,0.030555555555555555,-0.015686274509803977,-0.187037037037037,0.17407407407407408,0.4981481481481482,0.3277777777777778,0.4185185185185185,0.020370370370370372,0.09404990403071012,-0.1092592592592593,0.2916666666666667,0.3611111111111111,0.3472222222222222,-0.04444444444444445,0.010185185185185183,-0.1097361785405141,-0.0777777777777777,-0.11759259259259261,0.13703703703703707,-0.01944444444444443,1080,0.7509259259259259,0.2490740740740741,0.7509259259259259
