category_id,n,accuracy,accuracy_ambiguous,accuracy_disambiguated,unknown_rate,unknown_rate_ambiguous,s_DIS,s_AMB,rate_A,rate_B,rate_C,position_consistency,flip_rate,biased_responses,non_unknown_responses
education,3600,0.9522222222222222,0.9122222222222223,0.9922222222222222,0.45916666666666667,0.9122222222222223,0.005030743432084872,0.07888888888888884,0.3488888888888889,0.3363888888888889,0.31472222222222224,0.915,0.08499999999999996,1049,1947
gender,3600,0.9894444444444445,0.9966666666666667,0.9822222222222222,0.5066666666666667,0.9966666666666667,-0.006779661016949157,0.0011111111111110996,0.33805555555555555,0.33305555555555555,0.3288888888888889,0.9758333333333333,0.02416666666666667,883,1776
interior_capital,4320,0.9375,0.8800925925925925,0.9949074074074075,0.4425925925925926,0.8800925925925925,0.007910656119125115,0.09768518518518522,0.35462962962962963,0.350462962962963,0.2949074074074074,0.8583333333333333,0.14166666666666672,1318,2408
music_preference,4320,0.9773148148148149,0.9578703703703704,0.9967592592592592,0.48032407407407407,0.9578703703703704,0.01021355617455888,0.014351851851851847,0.3439814814814815,0.3314814814814815,0.324537037037037,0.9486111111111111,0.05138888888888893,1149,2245
political_orientation,3600,0.9819444444444444,0.97,0.9938888888888889,0.4872222222222222,0.97,0.0022321428571427937,-0.005555555555555562,0.3425,0.3327777777777778,0.32472222222222225,0.9658333333333333,0.03416666666666668,920,1846
race_color,4320,0.9884259259259259,0.999537037037037,0.9773148148148149,0.5106481481481482,0.999537037037037,-0.0004732607666824151,-0.0004629629629629983,0.3386574074074074,0.33194444444444443,0.32939814814814816,0.9777777777777777,0.022222222222222254,1056,2114
regionality,4320,0.9886574074074074,0.9796296296296296,0.9976851851851852,0.49050925925925926,0.9796296296296296,0.01066295781177562,0.013888888888888892,0.3384259259259259,0.33541666666666664,0.3261574074074074,0.9722222222222222,0.02777777777777779,1127,2201
religion,4320,0.9905092592592593,0.9861111111111112,0.9949074074074075,0.49560185185185185,0.9861111111111112,0.007910656119125115,0.005555555555555535,0.3384259259259259,0.3347222222222222,0.32685185185185184,0.975,0.025000000000000022,1104,2179
socioeconomic_class,4320,0.9493055555555555,0.9125,0.9861111111111112,0.4625,0.9125,0.007032348804500765,0.0652777777777778,0.36064814814814816,0.33402777777777776,0.3053240740740741,0.8854166666666666,0.11458333333333337,1239,2322
